{"chunks": ["#code for binary search made by parth def binarysearch(list, target): first = 0 last = len(list) - 1 while first <= last: midpoint = (first + last) // 2 if list[midpoint] == target: return midpoint elif list[midpoint] < target: first = midpoint + 1 else: last = midpoint - 1 return None def verify(index): if index is not None: print(\"Target found at index \" , index) else: print(\"Target not found\") numberlist = [1,2,3,4,5,6,7,8,9] result = binarysearch(numberlist, 7) verify(result)"], "embeddings": [{"code": 0.01282051282051282, "for": 0.01282051282051282, "binary": 0.01282051282051282, "search": 0.01282051282051282, "made": 0.01282051282051282, "by": 0.01282051282051282, "parth": 0.01282051282051282, "def": 0.02564102564102564, "binarysearch": 0.02564102564102564, "list": 0.05128205128205128, "target": 0.0641025641025641, "first": 0.05128205128205128, "0": 0.01282051282051282, "last": 0.05128205128205128, "len": 0.01282051282051282, "1": 0.05128205128205128, "while": 0.01282051282051282, "midpoint": 0.07692307692307693, "2": 0.02564102564102564, "if": 0.02564102564102564, "return": 0.02564102564102564, "elif": 0.01282051282051282, "else": 0.02564102564102564, "none": 0.02564102564102564, "verify": 0.02564102564102564, "index": 0.05128205128205128, "is": 0.01282051282051282, "not": 0.02564102564102564, "print": 0.02564102564102564, "found": 0.02564102564102564, "at": 0.01282051282051282, "numberlist": 0.02564102564102564, "3": 0.01282051282051282, "4": 0.01282051282051282, "5": 0.01282051282051282, "6": 0.01282051282051282, "7": 0.02564102564102564, "8": 0.01282051282051282, "9": 0.01282051282051282, "result": 0.02564102564102564}], "metadata": [{"filename": "code for binary search.txt", "chunk_id": 0, "id": "code for binary search.txt_chunk_0"}]}